{"cameraMode":{"drawMode":0,"name":"Shaded","section":"Shading Mode"},"sceneLighting":false,"audioPlay":false,"sceneViewState":{"showFog":true,"showMaterialUpdate":false,"showSkybox":false,"showFlares":true,"showImageEffects":true,"showParticleSystems":true},"in2DMode":false,"pivot":{"x":56.519039154052737,"y":2.499389410018921,"z":105.86149597167969},"rotation":{"x":0.02101670578122139,"y":-0.01316644623875618,"z":-0.0004925247048959136,"w":1.0000951290130616},"size":5.140042304992676,"orthographic":false}