{"cameraMode":{"drawMode":0,"name":"Shaded","section":"Shading Mode"},"sceneLighting":true,"audioPlay":false,"sceneViewState":{"showFog":true,"showMaterialUpdate":false,"showSkybox":true,"showFlares":true,"showImageEffects":true,"showParticleSystems":true},"in2DMode":false,"pivot":{"x":103.97647094726563,"y":54.668251037597659,"z":79.9920883178711},"rotation":{"x":-0.34855136275291445,"y":-0.4668019413948059,"z":0.20859520137310029,"w":-0.7866556644439697},"size":0.8660253882408142,"orthographic":false}