{"cameraMode":{"drawMode":0,"name":"Shaded","section":"Shading Mode"},"sceneLighting":false,"audioPlay":false,"sceneViewState":{"showFog":true,"showMaterialUpdate":false,"showSkybox":false,"showFlares":true,"showImageEffects":true,"showParticleSystems":true},"in2DMode":false,"pivot":{"x":117.18588256835938,"y":1.633234977722168,"z":96.00980377197266},"rotation":{"x":0.3459262251853943,"y":0.5353934168815613,"z":-0.25481051206588747,"w":0.7274488210678101},"size":2.6036863327026369,"orthographic":false}