{"cameraMode":{"drawMode":0,"name":"Shaded","section":"Shading Mode"},"sceneLighting":false,"audioPlay":false,"sceneViewState":{"showFog":true,"showMaterialUpdate":false,"showSkybox":false,"showFlares":true,"showImageEffects":true,"showParticleSystems":true},"in2DMode":false,"pivot":{"x":7.131579399108887,"y":5.328399658203125,"z":0.3483937382698059},"rotation":{"x":-0.011348226107656956,"y":-0.7254769802093506,"z":0.01197787094861269,"w":-0.6881111860275269},"size":7.348469257354736,"orthographic":false}