{"cameraMode":{"drawMode":0,"name":"Shaded","section":"Shading Mode"},"sceneLighting":false,"audioPlay":false,"sceneViewState":{"showFog":true,"showMaterialUpdate":false,"showSkybox":false,"showFlares":true,"showImageEffects":true,"showParticleSystems":true},"in2DMode":false,"pivot":{"x":-0.9604382514953613,"y":82.5560531616211,"z":282.0306396484375},"rotation":{"x":0.02635321393609047,"y":-0.8282172083854675,"z":-0.03651104494929314,"w":-0.559532880783081},"size":3.536720037460327,"orthographic":false}