{"cameraMode":{"drawMode":0,"name":"Shaded","section":"Shading Mode"},"sceneLighting":false,"audioPlay":false,"sceneViewState":{"showFog":true,"showMaterialUpdate":false,"showSkybox":false,"showFlares":true,"showImageEffects":true,"showParticleSystems":true},"in2DMode":false,"pivot":{"x":106.53077697753906,"y":-0.9138524532318115,"z":95.12652587890625},"rotation":{"x":-0.009482339024543763,"y":-0.9896412491798401,"z":0.07736672461032868,"w":-0.12320943176746369},"size":5.855614185333252,"orthographic":false}