{"cameraMode":{"drawMode":0,"name":"Shaded","section":"Shading Mode"},"sceneLighting":false,"audioPlay":false,"sceneViewState":{"showFog":true,"showMaterialUpdate":false,"showSkybox":false,"showFlares":true,"showImageEffects":true,"showParticleSystems":true},"in2DMode":false,"pivot":{"x":95.53902435302735,"y":2.596381425857544,"z":101.94952392578125},"rotation":{"x":0.08703620731830597,"y":0.6715672612190247,"z":-0.08004419505596161,"w":0.731752872467041},"size":1.8071039915084839,"orthographic":false}