{"cameraMode":{"drawMode":0,"name":"Shaded","section":"Shading Mode"},"sceneLighting":false,"audioPlay":false,"sceneViewState":{"showFog":true,"showMaterialUpdate":false,"showSkybox":false,"showFlares":true,"showImageEffects":true,"showParticleSystems":true},"in2DMode":false,"pivot":{"x":168.67575073242188,"y":3.506910562515259,"z":47.158050537109378},"rotation":{"x":-0.10213208943605423,"y":0.7419754266738892,"z":-0.1132715716958046,"w":-0.6538680195808411},"size":7.957540512084961,"orthographic":false}