{"cameraMode":{"drawMode":0,"name":"Shaded","section":"Shading Mode"},"sceneLighting":true,"audioPlay":false,"sceneViewState":{"showFog":true,"showMaterialUpdate":false,"showSkybox":false,"showFlares":true,"showImageEffects":true,"showParticleSystems":true},"in2DMode":false,"pivot":{"x":167.47000122070313,"y":4.300500869750977,"z":69.54000091552735},"rotation":{"x":0.032905545085668567,"y":0.7355071902275086,"z":-0.03904163837432861,"w":0.6764968633651733},"size":24.24871063232422,"orthographic":false}